{"C":{"0":-0.0119922079,"1":[[40.1204340296,40.1198738978,40.1195099237,40.1195061147,40.1195023621,40.1194986341,40.119599807,40.120920827,40.1209712547,40.1203113128,40.1203135245,40.1203157703,40.1203179601,40.1203201639,40.1207593518,40.1209694664,40.1206296921,40.1202546065,40.1202586873,40.1202626917,40.1202668015,40.1203329724,40.1205303996,40.1203352541,40.1198118892,40.1196464759,40.1196416643,40.1196367991,40.1196320197,40.1197980484,40.1199472889,40.1196504395,40.1193107727,40.119302402,40.1192939896,40.1192856525,40.1194185103,40.1197293045,40.1198825801,40.1198358081,40.1198094382,40.1198118632,40.1198142692,40.1198306907,40.1200909898,40.1203639402,40.1203970938,40.1204360561,40.1204510389,40.1204595108,40.1204679345,40.1205175876,40.1205970674,40.120616964,40.1205073204,40.1204002192,40.1204011357,40.1204020825,40.1203924288,40.1203386689,40.1202777919,40.1202343955,40.1201365773,40.1200753815,40.1200651617,40.1200550581,40.1200340367,40.1199906252,40.1199773064,40.1205228937,40.1210443152,40.1211236416,40.121125732,40.1211958583,40.121315984,40.1219135008,40.1213566418,40.1202058813,40.1199875624,40.1200692324,40.1203637284,40.1205585113,40.1205582767,40.1206546096,40.1210949933,40.1213870575,40.121390169,40.1208440612,40.1196704683,40.1195386829,40.1195377306,40.1214747073,40.1229703685,40.1230335599,40.1231145467,40.1229197442,40.1220327412,40.1220500534,40.1220673811,40.12317859,40.1231409666,40.1230915836,40.1227043225,40.1223226434,40.1223244131,40.1223260895,40.1222560846,40.1217999735,40.121211818,40.1214847098,40.1215778848,40.1215891701,40.1215936679,40.1215981013,40.121293797,40.1203153379,40.1199209033,40.1206274403,40.1209349665,40.1209469453,40.1209587933,40.1209704804,40.1209752893,40.1209644714,40.1206171823,40.1198158655,40.1197215867,40.1197507269,40.1197794315,40.1204834157,40.1217474955,40.1220395557,40.1205631587,40.1182348591,40.118244977,40.1182554554,40.1182659323,40.1215614108,40.1229792169,40.1230965195,40.1190102351,40.1190128489,40.1190151011,40.1190174896,40.1190200078,40.1219867329,40.1230958498,40.1212869984,40.1205622192,40.1205596062,40.1205565925,40.1205535866,40.1208206853,40.121649809,40.1219416692,40.1217458728,40.1217432105,40.1217406472,40.1217380083,40.1217351654,40.1216715973,40.1215026115,40.1213346252,40.1213200219,40.1213183156,40.1207565708,40.1207551846,40.1208595663,40.1210409503,40.1211152482,40.1211122527,40.1211092378,40.121106163,40.1211030858,40.1207411174,40.1207825568,40.1212137582,40.1212037736,40.121193572,40.1195955586,40.1195789607,40.1195288179,40.119289708,40.1190918206,40.1190847508,40.1190775904,40.1190706095,40.1190634401,40.119084058,40.1190230843,40.1188037398,40.118672951,40.1186644808,40.1175759386,40.1184989634,40.1184797051,40.1184629785,40.1184597724,40.1184583829,40.1185623644,40.1187356743,40.1188053929,40.11878422,40.1186915709,40.1186231272,40.1186223186,40.1186457804,40.1187991893,40.1189363301,40.118935649,40.1188145119,40.1186192999,40.1185406906,40.1185407175,40.1187041379,40.1189658088,40.1190368338,40.1190378817,40.1187583675,40.118508877,40.1184860542,40.1185839537,40.1188951607,40.1191350088,40.1186028074,40.1181529539,40.1180963729,40.1183544324,40.1186133117,40.1186144538,40.1186154674,40.1186166044,40.1181591117,40.1178470872,40.1171767797,40.1178782214,40.1179142953,40.1179140201,40.1179137755,40.1163534257,40.1160637499,40.1160871303,40.1195909495,40.1200679005,40.1200674884,40.1200671137,40.1200666976,40.1182334552,40.1161696402,40.1190181197,40.120375916,40.1203739027,40.1203718632,40.1203698399,40.1203601187,40.1181812782,40.1177920707,40.1202125093,40.1204938869,40.1204912264,40.1204885741,40.12048595,40.1201249733,40.1191769932,40.119603337,40.1206186895,40.1206203634,40.1206220362,40.120623745,40.1206254299,40.1206906169,40.1208259797,40.1205808394,40.120588814,40.1205966624,40.1206045626,40.1206124785,40.1208396594,40.1223850907,40.1217035846,40.1193916637,40.1193863263,40.1193810158,40.1193756682,40.119370291,40.1202085695,40.1200929219,40.118969578,40.118963397,40.118957218,40.118951104,40.1189449823,40.1189387625,40.1187696448,40.1188436419,40.1193841541,40.1193834582,40.1193826775,40.1193819997,40.1193812877,40.1186537538,40.1194417019,40.1233587362,40.1233660982,40.1233734636,40.1233806994,40.1233875953,40.1233304172,40.1205480786,40.1208882173,40.123807765,40.1238096684,40.1238109502,40.1238120117,40.1238135456,40.1207785728,40.1191828351,40.1208314508,40.1216989977,40.1216979801,40.1216967701,40.1216962011,40.121340461,40.1197942629,40.1196594187,40.1206465363,40.1206467551,40.1206470303,40.120646635,40.120646466,40.1217528003,40.1223207121,40.1220778032,40.1217316591,40.121733161,40.1217341327,40.1217351836,40.1223623305,40.1232162056,40.1234307113,40.1225492303,40.1221613379,40.1221678281,40.122172863,40.1222118966,40.1229763765,40.1230339353,40.1209138088,40.1193103495,40.1193088058,40.1193083038,40.119307928,40.1201952843,40.121839061,40.1211553255,40.1191516042,40.1185782217,40.1185759912,40.1185742096,40.1188769084,40.1208226361,40.1226603814,40.1210688343,40.119527729,40.1193612121,40.1193638916,40.1193666702,40.1199661079,40.1207406486,40.1207962853,40.1204495869,40.1201953129,40.1202057025,40.1202170864,40.1198451252,40.1191385607,40.1188297729,40.1190087525,40.119401812,40.1196148932,40.1196192015,40.1195728217,40.118692156,40.1180723817,40.1180720142,40.1184040541,40.1189226069,40.1189885018,40.1189846721,40.1187432411,40.1184061177,40.1182988658,40.1184188666,40.1191029143,40.1198774999,40.1198716792,40.1197219922,40.1192198622,40.1189189051,40.1189161455,40.1195244371,40.1212025757,40.1220233901,40.1220262004,40.1202258941,40.1187177525,40.1185737802,40.1185714513,40.1196322979,40.1218869686,40.1220755889,40.1208957871,40.1187710874,40.1181409666,40.1181400444,40.1183096812,40.1192900781,40.1204452262,40.1204266654,40.1200578536,40.1196978619,40.119698988,40.1197000892,40.1202907879,40.1212954826,40.121641651,40.1223230062,40.1229655246,40.1230568964,40.1230573783,40.1230584332,40.1231765129,40.1231374001,40.1231390978,40.1230970788,40.1229960336,40.1229954858,40.1229953532,40.1229771364,40.1228794749,40.1227875203,40.1222265328,40.1206261336,40.1203454299,40.1203406112,40.1203356166,40.1208570362,40.1214079473,40.1209553229,40.1194211294,40.1186334662,40.1186307952,40.1186288124,40.1186312819,40.1202634484,40.1213997232,40.1209494203,40.1204193949,40.1204181732,40.1204166745,40.1204153089,40.1208551932,40.1217337932,40.1218372641,40.1213733473,40.1211873903,40.1211868158,40.1211863551,40.1211862209,40.1215337029,40.1217792191,40.1212836278,40.1204333201,40.1204349613,40.1204356758,40.1204369047,40.1204790454,40.1212259385,40.1210954443,40.1198555455,40.1196966174,40.1197001037,40.1197023934,40.1197058153,40.1202524061,40.1211486817,40.1213089764,40.1211193162,40.1211232578,40.1211265964,40.121129633,40.1211317681,40.1214957278,40.1217149975,40.1216332328,40.1193932413,40.1193995341,40.1194071213,40.1194158151,40.1198915479,40.1204070803,40.1205338421,40.1205363293,40.1205393464,40.1205422867,40.1205454982,40.1206377608,40.1211541795,40.1214556019,40.1214563282,40.1214571185,40.1214576886,40.1214586604,40.121459638,40.1213949906,40.1212243488,40.1211537828,40.1211557301,40.1211570584,40.1211591489,40.1211612083,40.1210146253,40.1204107351,40.1207607469,40.1207577955,40.1207550202,40.1207511477,40.1209393214,40.1212446978,40.121234958,40.1210639058,40.1210340263,40.1210322382,40.1210302094,40.121024583,40.1209864508,40.1208762212,40.1205251164,40.1201914094,40.1201897772,40.1200448076,40.1202725398,40.1204915056,40.1204918185,40.120464143,40.1204360505,40.1204251844,40.1204137624,40.1205385737,40.1207775175,40.1208797676,40.1206574415,40.120198592,40.1199657257,40.1199542306,40.1199063381,40.119581118,40.1192352027,40.1192253301,40.1190401179,40.1188561466,40.1188304135,40.11881501,40.118454688,40.1180000152,40.1178854291,40.1180022897,40.1184896717,40.1188279186,40.1188028018,40.1191941038,40.1191208608,40.1191033546,