{"C":{"0":-0.0117939454,"1":[[40.1200327494,40.1200327494,40.1144981346,40.1144753858,40.1144530061,40.1144344333,40.1144058395,40.1143766271,40.1122694854,40.1127162637,40.1152214996,40.1151564017,40.1150868935,40.1150233004,40.1149646095,40.1161691194,40.1193532216,40.1222263765,40.123103943,40.1230036576,40.1229086887,40.1228178263,40.1227205607,40.1225264968,40.1231915863,40.1243451872,40.1243363162,40.1243274394,40.1243212004,40.1243156568,40.1228283511,40.1219028477,40.1226765229,40.1235703697,40.1235703675,40.1235660818,40.1235623793,40.1230240545,40.1212464081,40.1210899283,40.1225049827,40.1228874894,40.1228282795,40.1227681487,40.1227092405,40.1219505799,40.1212315721,40.1219857338,40.122862658,40.1227919911,40.1227204658,40.1226510946,40.1227056885,40.1229128994,40.123204227,40.123635214,40.1238818911,40.1238704958,40.1238604803,40.1238764798,40.1244133357,40.124946104,40.1248783649,40.1248012154,40.1247862172,40.1247898352,40.1247909757,40.1254660424,40.1266399643,40.1269350546,40.1258799852,40.1248771695,40.1248398305,40.1248030042,40.1253819624,40.1280763803,40.1305332549,40.1293255267,40.1266627119,40.125142772,40.125071226,40.1250056021,40.1279740741,40.1326185732,40.1332978431,40.1299718121,40.1261605038,40.1255136191,40.1254923341,40.1258388124,40.1265284642,40.1267282576,40.1262353725,40.1233925929,40.1214866387,40.1214983332,40.121426629,40.1202442552,40.1190337717,40.119022932,40.1176697229,40.1146672822,40.1130436152,40.1130380988,40.1147457887,40.1170716601,40.1177033415,40.1176667119,40.1151134343,40.1112214601,40.1105980484,40.1120548851,40.1173474657,40.1209982877,40.1209654193,40.1211229117,40.1219684705,40.1225318554,40.1225208129,40.1236225402,40.1239206856,40.1238807151,40.1239093801,40.1276400673,40.1280078449,40.1273899883,40.126868947,40.1237964121,40.1200491337,40.1200597942,40.1200817808,40.1237264237,40.1249156021,40.1246101201,40.1211924613,40.1181786664,40.1181510871,40.1181236474,40.1181507491,40.1184263103,40.1187748227,40.119800354,40.12052901,40.1206424405,40.1206135102,40.1205866547,40.1200160414,40.118395282,40.1189328832,40.122737941,40.124385873,40.1243584871,40.1243341805,40.1243072625,40.1225341047,40.1205179886,40.1232458848,40.1289627488,40.1297026775,40.1296764563,40.1296534498,40.1277352446,40.1229005427,40.1216839539,40.1250411692,40.1237718519,40.1237986732,40.123823182,40.1238458438,40.1240794416,40.1205742917,40.1189202173,40.1180500201,40.1180507487,40.1180519893,40.1180555393,40.1180527408,40.1164057577,40.1173834108,40.1188039279,40.1193262585,40.119341599,40.1193335107,40.1193289277,40.1189940161,40.1188656659,40.1213530826,40.1234341,40.1234351936,40.1234500451,40.1234565357,40.1234536355,40.1241687345,40.1240224508,40.1230501337,40.1229582021,40.1229637196,40.1229616317,40.1229622299,40.122999053,40.1244069575,40.1237122024,40.1219389822,40.1219300966,40.1219235009,40.1219225823,40.1219145178,40.1226696769,40.1231634344,40.1229264625,40.1229215489,40.1229199544,40.1229100725,40.1229003227,40.1228874251,40.1233729227,40.1240208416,40.1241725205,40.1241730254,40.1241700634,40.1241694896,40.1241627241,40.1251396386,40.1242607687,40.1223364161,40.1223416841,40.122343373,40.1223412174,40.1223441525,40.1223454502,40.1221338712,40.1191586873,40.1169761464,40.1169507258,40.1169199052,40.1168927646,40.1168679227,40.1174149873,40.1162701192,40.113876169,40.1131445051,40.1131204645,40.113092483,40.1130623148,40.1135395765,40.1169289529,40.1169751408,40.1141520006,40.114149321,40.1141429283,40.1141312387,40.1141247946,40.1172467508,40.1206297006,40.1195771012,40.1183244476,40.1183120855,40.1183055173,40.1182955036,40.1185303079,40.1192878335,40.1206135058,40.1215864087,40.1217634477,40.1217435116,40.1217238181,40.1217025539,40.1192638594,40.1168260699,40.1203903451,40.1233106468,40.1232974911,40.1232870613,40.123278592,40.1225405047,40.120898613,40.1211266724,40.1232082036,40.1241831342,40.1242017877,40.124212785,40.1244800901,40.1261214588,40.1274030708,40.1262664836,40.1248874242,40.1246395927,40.1246456893,40.1246544849,40.1260978349,40.1273793226,40.1273290708,40.12544902,40.1237292403,40.1237097753,40.123692197,40.1239011223,40.124317131,40.1244785419,40.123880731,40.1226609005,40.1220419651,40.1220397474,40.1220350194,40.1222647924,40.1224335518,40.122439162,40.1217541733,40.1209646886,40.1208657966,40.1208825902,40.1210311444,40.1212614874,40.1213538033,40.1212195737,40.1205631369,40.1200704553,40.1200771843,40.1200594857,40.1199240998,40.1198016594,40.1197992908,40.1196984112,40.1195254433,40.1194467726,40.1194386545,40.1190796535,40.1185280976,40.1183855212,40.1183846209,40.1189102947,40.1194011053,40.1194459611,40.1194069927,40.1192981161,40.119222454,40.1192276184,40.1194305401,40.1201833222,40.1206767303,40.1206839399,40.1209535493,40.121269456,40.1212800881,40.1212848759,40.121730045,40.1224295907,40.1227045198,40.1225334367,40.1221725651,40.1219914802,40.121991098,40.121990392,40.1229758097,40.1238660256,40.1237684117,40.1226764748,40.1212707306,40.1212726367,40.1212737015,40.1216287307,40.1225988286,40.1230758114,40.1227290868,40.1219524539,40.1217048391,40.1217169016,40.1217277742,40.1215839428,40.121393428,40.1216263905,40.1226490987,40.123580397,40.1235876511,40.1235928923,40.1236007061,40.1227810783,40.1221075514,40.1221414539,40.1197916334,40.1197521357,40.1197585668,40.1197566116,40.1223899363,40.124627416,40.1221913172,40.1166166091,40.1161555196,40.1161576381,40.1161592875,40.1161620907,40.1175275127,40.1206239381,40.1173300323,40.1164020651,40.1163999835,40.1163965271,40.1163936205,40.1163898488,40.1165638373,40.1171081656,40.1168012337,40.1168313381,40.1168242102,40.1168171638,40.116810929,40.1163048434,40.1152063,40.1159517588,40.1173277521,40.1173398579,40.1173508689,40.1173622821,40.1173739903,40.1154465812,40.1146756544,40.1198727958,40.1199351821,40.1199953451,40.1200538511,40.1201146769,40.1198461237,40.1175200773,40.1186301967,40.121414657,40.1214167766,40.121419177,40.121422287,40.1214227245,40.1213550848,40.120836496,40.1205009534,40.1204853953,40.1204730432,40.1204598645,40.120441546,40.1204289487,40.1202821845,40.1204437453,40.121047542,40.1210498557,40.1210534447,40.1210548577,40.121056556,40.1196575345,40.1214297282,40.1284681942,40.1284723461,40.1284938491,40.1285031878,40.1285149926,40.128607594,40.1269448737,40.1264605679,40.1270509795,40.1270697308,40.1270767129,40.1270673151,40.1270740777,40.1282710019,40.1251086852,40.1215603443,40.1200764977,40.1200774143,40.1200613183,40.1200458168,40.1200623222,40.1199088971,40.118851286,40.1179621247,40.11795871,40.1179509523,40.1179439801,40.1179473598,40.1158181537,40.1154830985,40.1181139378,40.1203733668,40.1203706999,40.1203552562,40.1203594491,40.1197133706,40.1185597717,40.1179172431,40.1178033143,40.1178814767,40.1178965658,40.1178977508,40.1180517533,40.1225480342,40.1250428736,40.1186310068,40.1148667547,40.1148560253,40.1148585055,40.1148653407,40.1179102038,40.1241471247,40.1237271941,40.1192392624,40.1179157118,40.1179293855,40.1179537386,40.1183704626,40.1210380984,40.12362384,40.1230925621,40.1221405392,40.122046171,40.1220787134,40.1220961616,40.1215654495,40.1208143348,40.120669684,40.120581988,40.1205092723,40.1205137217,40.1205216801,40.1195271218,40.1177043887,40.1169164638,40.1163223627,40.1150989215,40.1144756088,40.1144482398,40.1143817314,40.1137238793,40.1134057244,40.1133975581,40.1131050805,40.1127714926,40.1127276708,40.1127299462,40.1126464488,40.112612172,40.1126372858,40.1130453889,40.1153524803,40.1180525399,40.1180624018,40.1265153612,40.1249956348,40.1249972614,40.1254537318,40.1276286634,40.1291466185,40.1288784266,40.1240630063,40.1193454073,40.1193669969,40.1193939801,40.1235321767,40.1305987903,40.1330455402,40.128535728,40.1208780396,40.1186111392,40.118617359,40.1186525703,40.1237878647,40.1284360122,40.1280982391,40.1258445223,40.123893603,40.1238886503,40.1238993844,40.1230856079,40.1205261798,40.1188975245,40.1211700919,40.1250813654,40.1255553649,40.1256191236,40.125622485,